product,source,title,price,price_display,rating,rating_display,review_count,asin,url
Neutrogena Ultra Sheer Dry-Touch Sunscreen,amazon,Neutrogena,835.21,$835.21,4.6,4.6 out of 5 stars,0,B005IHT94S,N/A
Neutrogena Ultra Sheer Dry-Touch Sunscreen,amazon,Neutrogena,1357.21,$1357.21,4.7,4.7 out of 5 stars,0,B004D2DR0Q,N/A
Neutrogena Ultra Sheer Dry-Touch Sunscreen,amazon,Neutrogena,891.64,$891.64,4.6,4.6 out of 5 stars,0,B08L88LZ4V,N/A
Neutrogena Ultra Sheer Dry-Touch Sunscreen,amazon,Neutrogena,938.67,$938.67,4.6,4.6 out of 5 stars,0,B09MV3MHJD,N/A
Neutrogena Ultra Sheer Dry-Touch Sunscreen,amazon,Neutrogena,835.21,$835.21,4.6,4.6 out of 5 stars,0,B005IHT94S,N/A
La Roche-Posay Anthelios Melt-in Milk Sunscreen,amazon,Neutrogena,891.64,$891.64,4.6,4.6 out of 5 stars,0,B08L88LZ4V,N/A
La Roche-Posay Anthelios Melt-in Milk Sunscreen,amazon,EltaMD,4420.58,$4420.58,4.5,4.5 out of 5 stars,0,B00ZPWR0N8,N/A
La Roche-Posay Anthelios Melt-in Milk Sunscreen,amazon,EltaMD,3856.26,$3856.26,4.6,4.6 out of 5 stars,0,B00464EC1E,N/A
La Roche-Posay Anthelios Melt-in Milk Sunscreen,amazon,Neutrogena,891.64,$891.64,4.6,4.6 out of 5 stars,0,B08L88LZ4V,N/A
La Roche-Posay Anthelios Melt-in Milk Sunscreen,amazon,La Roche-Posay,2077.67,$2077.67,4.6,4.6 out of 5 stars,0,B01NCWV3KM,N/A
CeraVe Hydrating Mineral Sunscreen SPF 50,amazon,CeraVe,1503.94,$1503.94,4.4,4.4 out of 5 stars,0,B0FXNHDWM7,N/A
CeraVe Hydrating Mineral Sunscreen SPF 50,amazon,EltaMD,3856.26,$3856.26,4.6,4.6 out of 5 stars,0,B00464EC1E,N/A
CeraVe Hydrating Mineral Sunscreen SPF 50,amazon,Sky and Sol,,N/A,4.2,4.2 out of 5 stars,0,B0CYT8BT8M,N/A
CeraVe Hydrating Mineral Sunscreen SPF 50,amazon,Coola,2257.32,$2257.32,4.6,4.6 out of 5 stars,0,B07S3TZFL9,N/A
CeraVe Hydrating Mineral Sunscreen SPF 50,amazon,CeraVe,1313.95,$1313.95,4.0,4.0 out of 5 stars,0,B07KLY4RYG,N/A
Supergoop Unseen Sunscreen SPF 40,amazon,Supergoop!,,N/A,4.6,4.6 out of 5 stars,0,B08CFVM1TT,N/A
Supergoop Unseen Sunscreen SPF 40,amazon,e.l.f.,1410.82,$1410.82,4.4,4.4 out of 5 stars,0,B0C7SFTTV3,N/A
Supergoop Unseen Sunscreen SPF 40,amazon,EltaMD,3856.26,$3856.26,4.6,4.6 out of 5 stars,0,B00464EC1E,N/A
Supergoop Unseen Sunscreen SPF 40,amazon,Summer Fridays,,N/A,4.4,4.4 out of 5 stars,0,B0BYT57LB7,N/A
Supergoop Unseen Sunscreen SPF 40,amazon,Supergoop!,3610.77,$3610.77,4.8,4.8 out of 5 stars,0,B0C7WPMS1H,N/A
